Date,Apple,Ethereum,GBPUSD,Corn futures,S&P 500
2020-05-01,70.06,214.22,1.2581465244293213,311.5,2830.71
2020-05-04,71.05,208.17,1.2454230785369873,310.75,2842.74
2020-05-05,72.12,206.77,1.244555115699768,313.0,2868.44
2020-05-06,72.86,204.06,1.2444202899932861,311.75,2848.42
2020-05-07,73.61,212.29,1.232559323310852,316.0,2881.19
2020-05-08,75.37,212.99,1.237593173980713,319.0,2929.8
2020-05-11,76.55,185.91,1.2417423725128174,318.5,2930.19
2020-05-12,75.68,189.31,1.2333498001098633,323.75,2870.12
2020-05-13,74.76,199.19,1.2254902124404907,320.25,2820.0
2020-05-14,75.22,202.95,1.224155068397522,320.25,2852.5
2020-05-15,74.78,195.62,1.2233912944793701,319.25,2863.7
2020-05-18,76.54,214.53,1.2085760831832886,320.75,2953.91
2020-05-19,76.1,213.45,1.2200031280517578,321.25,2922.94
2020-05-20,77.58,210.1,1.2255953550338745,319.5,2971.61
2020-05-21,77.0,199.88,1.2236906290054321,317.75,2948.51
2020-05-22,77.5,207.17,1.2223445177078247,318.0,2955.45
2020-05-26,76.97,201.9,1.220137119293213,319.0,2991.77
2020-05-27,77.31,208.86,1.23350191116333,320.5,3036.13
2020-05-28,77.34,219.84,1.2264822721481323,327.5,3029.73
2020-05-29,77.26,220.68,1.2321492433547974,325.75,3044.31
2020-06-01,78.22,246.99,1.2347996234893799,323.25,3055.73
2020-06-02,78.58,237.22,1.248704433441162,324.25,3080.82
2020-06-03,79.01,244.18,1.2581465244293213,324.0,3122.87
2020-06-04,78.33,244.43,1.2575136423110962,329.0,3112.35
2020-06-05,80.56,241.22,1.2609069347381592,331.25,3193.93
2020-06-08,81.04,246.31,1.2725722789764404,333.75,3232.39
2020-06-09,83.6,244.91,1.2735283374786377,327.5,3207.18
2020-06-10,85.75,247.44,1.2711325883865356,326.25,3190.14
2020-06-11,81.63,231.7,1.2710679769515991,329.75,3002.1
2020-06-12,82.33,237.49,1.257703423500061,330.0,3041.31
2020-06-15,83.35,229.93,1.2508755922317505,329.25,3066.59
2020-06-16,85.56,234.42,1.2637752294540405,329.0,3124.74
2020-06-17,85.44,233.03,1.258510708808899,330.25,3113.49
2020-06-18,85.48,232.1,1.2552721500396729,331.0,3115.34
2020-06-19,84.99,227.14,1.2426837682724,332.5,3097.74
2020-06-22,87.21,242.53,1.234811782836914,328.25,3117.86
2020-06-23,89.07,244.14,1.250156283378601,325.0,3131.29
2020-06-24,87.5,235.77,1.2524893283843994,324.25,3050.33
2020-06-25,88.66,232.94,1.2412954568862915,317.25,3083.76
2020-06-26,85.94,229.67,1.2425447702407837,317.0,3009.05
2020-06-29,87.92,228.19,1.2342174053192139,326.25,3053.24
2020-06-30,88.65,226.32,1.2310571670532227,338.5,3100.29
2020-07-01,88.49,231.11,1.2389271259307861,348.25,3115.86
2020-07-02,88.49,229.39,1.2464786767959595,342.5,3130.01
2020-07-06,90.85,241.51,1.247551679611206,346.5,3179.72
2020-07-07,90.57,239.08,1.249547004699707,345.0,3145.32
2020-07-08,92.68,246.67,1.2542802095413208,348.25,3169.94
2020-07-09,93.08,243.02,1.2613521814346313,351.25,3152.05
2020-07-10,93.24,240.98,1.2605094909667969,340.5,3185.04
2020-07-13,92.81,239.6,1.2627506256103516,334.0,3155.22
2020-07-14,94.35,240.21,1.255177617073059,334.75,3197.52
2020-07-15,95.0,238.42,1.25692880153656,326.25,3226.56
2020-07-16,93.83,233.64,1.2591001987457275,330.25,3215.57
2020-07-17,93.64,232.77,1.2559500932693481,333.0,3224.73
2020-07-20,95.61,236.15,1.2571184635162354,328.25,3251.84
2020-07-21,94.29,245.02,1.266175389289856,322.75,3257.3
2020-07-22,94.56,262.19,1.2730745077133179,327.5,3276.02
2020-07-23,90.25,274.69,1.2729934453964233,328.0,3235.66
2020-07-24,90.03,279.22,1.2730745077133179,326.25,3215.63
2020-07-27,92.16,321.51,1.2795906066894531,325.0,3239.41
2020-07-28,90.65,316.66,1.2889753580093384,320.0,3218.44
2020-07-29,92.39,318.19,1.292373776435852,315.5,3258.44
2020-07-30,93.5,334.59,1.298246145248413,315.75,3246.22
2020-07-31,103.29,345.55,1.311785101890564,316.0,3271.12
2020-08-03,105.89,386.3,1.3101695775985718,317.5,3294.61
2020-08-04,106.6,389.88,1.3078734874725342,308.25,3306.51
2020-08-05,106.99,401.59,1.3086093664169312,311.0,3327.77
2020-08-06,110.72,394.96,1.3126804828643799,311.25,3349.16
2020-08-07,108.2,379.51,1.3138015270233154,307.75,3351.28
2020-08-10,109.78,395.89,1.3052273988723755,310.5,3360.47
2020-08-11,106.51,380.38,1.3077194690704346,311.5,3333.69
2020-08-12,110.05,391.02,1.3050740957260132,314.5,3380.35
2020-08-13,112.0,428.74,1.3048017024993896,325.25,3373.43
2020-08-14,111.9,437.4,1.3070528507232666,324.5,3372.85
2020-08-17,111.61,429.53,1.3107001781463623,331.0,3381.99
2020-08-18,112.54,423.67,1.3107877969741821,327.0,3389.78
2020-08-19,112.68,406.46,1.325398564338684,325.0,3374.85
2020-08-20,115.18,416.44,1.311079978942871,324.5,3385.51
2020-08-21,121.11,389.13,1.3220343589782715,327.0,3397.16
2020-08-24,122.56,408.14,1.3094146251678467,331.75,3431.28
2020-08-25,121.56,384.0,1.307138204574585,340.75,3443.62
2020-08-26,123.21,386.47,1.3152183294296265,340.5,3478.73
2020-08-27,121.74,382.63,1.3219819068908691,344.25,3484.55
2020-08-28,121.54,395.87,1.3199577331542969,346.0,3508.01
2020-08-31,125.66,435.08,1.3356484174728394,348.5,3500.31
2020-09-01,130.67,477.05,1.3364516496658325,349.5,3526.65
2020-09-02,127.96,440.04,1.339943766593933,349.75,3580.84
2020-09-03,117.72,385.67,1.335131287574768,344.5,3455.06
2020-09-04,117.79,388.24,1.3262248039245605,347.25,3426.96
2020-09-08,109.87,337.6,1.3162224292755127,351.0,3331.84
2020-09-09,114.25,351.11,1.2968486547470093,350.0,3398.96
2020-09-10,110.52,368.1,1.2999167442321777,357.25,3339.19
2020-09-11,109.07,374.7,1.2808295488357544,365.0,3340.97
2020-09-14,112.34,377.27,1.2806557416915894,357.5,3383.54
2020-09-15,112.52,364.84,1.2849671840667725,366.0,3401.2
2020-09-16,109.19,365.81,1.2884771823883057,371.75,3385.49
2020-09-17,107.45,389.02,1.2959998846054077,375.25,3357.01
2020-09-18,104.04,384.36,1.2975554466247559,378.5,3319.47
2020-09-21,107.2,341.79,1.2932761907577515,369.75,3281.06
2020-09-22,108.88,344.5,1.2820513248443604,369.25,3315.57
2020-09-23,104.32,321.12,1.2744048833847046,368.5,3236.92
2020-09-24,105.39,349.36,1.2717468738555908,363.5,3246.59
2020-09-25,109.34,352.18,1.2757054567337036,365.25,3298.46
2020-09-28,111.95,355.16,1.2766826152801514,366.75,3351.6
2020-09-29,111.1,359.76,1.2873492240905762,364.75,3335.47
2020-09-30,112.78,359.94,1.2866535186767578,379.0,3363.0
2020-10-01,113.73,353.21,1.2917560338974,382.75,3380.8
2020-10-02,110.06,346.24,1.2886265516281128,379.75,3348.42
2020-10-05,113.45,353.96,1.2931090593338013,379.5,3408.6
2020-10-06,110.2,340.82,1.2992581129074097,385.0,3360.97
2020-10-07,112.07,341.81,1.2883278131484985,388.75,3419.44
2020-10-08,111.96,350.77,1.2917560338974,387.0,3446.83
2020-10-09,113.91,365.59,1.29404616355896,395.0,3477.14
2020-10-12,121.14,387.73,1.3031693696975708,389.0,3534.22
2020-10-13,117.93,381.19,1.3065747022628784,391.25,3511.93
2020-10-14,118.02,379.48,1.2935272455215454,396.5,3488.67
2020-10-15,117.55,377.44,1.3012362718582153,403.75,3483.34
2020-10-16,115.9,366.23,1.2902060747146606,402.0,3483.81
2020-10-19,112.94,379.94,1.2927746772766113,405.25,3426.92
2020-10-20,114.43,369.14,1.2948671579360962,408.75,3443.12
2020-10-21,113.81,392.19,1.2954038381576538,413.75,3435.56
2020-10-22,112.72,413.77,1.3131976127624512,416.25,3453.49
2020-10-23,112.03,409.77,1.307805061340332,419.25,3465.39
2020-10-26,112.04,393.89,1.3054660558700562,417.75,3400.97
2020-10-27,113.55,404.0,1.301574945449829,416.0,3390.68
2020-10-28,108.29,388.65,1.303186297416687,401.5,3271.03
2020-10-29,112.3,386.73,1.2989881038665771,398.5,3310.11
2020-10-30,106.01,382.82,1.2931926250457764,398.5,3269.96
2020-11-02,105.92,383.16,1.2926744222640991,397.5,3310.24
2020-11-03,107.55,387.6,1.2923903465270996,401.0,3369.16
2020-11-04,111.94,402.14,1.3121638298034668,405.25,3443.44
2020-11-05,115.91,414.07,1.2966804504394531,409.25,3510.45
2020-11-06,115.78,454.72,1.3139395713806152,406.75,3509.44
2020-11-09,113.47,444.16,1.318061351776123,407.5,3550.5
2020-11-10,113.13,449.68,1.3169677257537842,423.0,3545.53
2020-11-11,116.56,462.96,1.3261544704437256,417.25,3572.66
2020-11-12,116.29,461.01,1.3224189281463623,408.25,3537.01
2020-11-13,116.34,474.63,1.3121638298034668,410.5,3585.15
2020-11-16,117.35,459.94,1.3220518827438354,416.25,3626.91
2020-11-17,116.47,480.36,1.322209119796753,420.25,3609.53
2020-11-18,115.14,479.48,1.3259083032608032,425.75,3567.79
2020-11-19,115.73,471.63,1.325644612312317,422.5,3581.87
2020-11-20,114.47,509.74,1.3249244689941406,423.25,3557.54
2020-11-23,111.06,608.45,1.3305126428604126,426.5,3577.59
2020-11-24,112.35,603.9,1.332906723022461,425.75,3635.41
2020-11-25,113.19,570.69,1.3363267183303833,420.0,3629.65
2020-11-27,113.73,517.49,1.3354523181915283,425.5,3638.35
2020-11-30,116.13,614.84,1.333191156387329,419.75,3621.63
2020-12-01,119.71,587.32,1.3336889743804932,414.75,3662.45
2020-12-02,120.06,598.35,1.3422638177871704,419.0,3669.01
2020-12-03,119.93,616.71,1.3370771408081055,422.5,3666.72
2020-12-04,119.26,569.35,1.345496654510498,417.0,3699.12
2020-12-07,120.72,591.84,1.3417415618896484,419.5,3691.96
2020-12-08,121.33,554.83,1.3357375860214233,417.0,3702.25
2020-12-09,118.8,573.48,1.3365589380264282,422.0,3672.82
2020-12-10,120.22,559.68,1.3367018699645996,420.25,3668.1
2020-12-11,119.41,545.8,1.3305658102035522,424.25,3663.46
2020-12-14,118.8,586.01,1.3318239450454712,419.25,3647.49
2020-12-15,124.75,589.36,1.3330844640731812,424.75,3694.62
2020-12-16,124.68,636.18,1.3444474935531616,427.25,3701.17
2020-12-17,125.55,642.87,1.3502929210662842,432.5,3722.48
2020-12-18,123.56,654.81,1.3570178747177124,437.5,3709.41
2020-12-21,125.09,609.82,1.3401951789855957,440.0,3694.92
2020-12-22,128.65,634.85,1.3449536561965942,443.5,3687.26
2020-12-23,127.75,583.71,1.339943766593933,447.25,3690.01
2020-12-24,128.74,611.61,1.3505300283432007,451.0,3703.06
2020-12-28,133.34,730.4,1.3572388887405396,456.5,3735.36
2020-12-29,131.57,731.52,1.3466018438339233,466.0,3727.04
2020-12-30,130.44,751.62,1.3499903678894043,474.5,3732.04
2020-12-31,129.44,737.8,1.36306631565094,484.0,3756.07
2021-01-04,126.24,1040.23,1.3684196472167969,483.75,3700.65
2021-01-05,127.8,1100.01,1.3571596145629883,491.75,3726.86
2021-01-06,123.5,1207.11,1.3629549741744995,495.0,3748.14
2021-01-07,127.71,1225.68,1.3625277280807495,494.0,3803.79
2021-01-08,128.82,1224.2,1.3569625616073608,496.25,3824.68
2021-01-11,125.82,1090.15,1.3516253232955933,492.25,3799.61
2021-01-12,125.64,1043.43,1.3524113893508911,517.25,3801.19
2021-01-13,127.68,1130.74,1.3670539855957031,524.5,3809.84
2021-01-14,125.75,1218.45,1.364926815032959,534.25,3795.54
2021-01-15,124.03,1171.83,1.3683634996414185,531.5,3768.25
2021-01-19,124.7,1377.3,1.3581236600875854,526.0,3798.91
2021-01-20,128.8,1382.27,1.3644241094589233,522.0,3851.85
2021-01-21,133.52,1121.57,1.3668484687805176,524.25,3853.07
2021-01-22,135.66,1236.51,1.3729474544525146,500.5,3841.47
2021-01-25,139.42,1324.41,1.3688204288482666,511.5,3855.36
2021-01-26,139.65,1357.06,1.3678992986679077,532.25,3849.62
2021-01-27,138.58,1253.19,1.374154806137085,534.0,3750.77
2021-01-28,133.73,1332.49,1.3669419288635254,534.5,3787.38
2021-01-29,128.73,1382.52,1.3725008964538574,547.0,3714.24
2021-02-01,130.85,1369.04,1.3697690963745117,549.25,3773.86
2021-02-02,131.68,1515.19,1.3678767681121826,543.0,3826.31
2021-02-03,130.66,1660.91,1.3659336566925049,552.0,3830.17
2021-02-04,134.02,1594.76,1.364908218383789,550.0,3871.74
2021-02-05,133.61,1718.65,1.3676148653030396,548.5,3886.83
2021-02-08,133.76,1746.62,1.3738716840744019,563.75,3915.59
2021-02-09,132.88,1768.04,1.374570369720459,556.25,3911.23
2021-02-10,132.27,1744.24,1.3817994594573975,534.5,3909.88
2021-02-11,132.02,1783.8,1.3832597732543945,541.0,3916.38
2021-02-12,132.25,1843.53,1.381024718284607,538.75,3934.83
2021-02-16,130.12,1781.07,1.3914785385131836,552.25,3932.59
2021-02-17,127.83,1848.46,1.388811707496643,553.0,3931.33
2021-02-18,126.72,1937.45,1.3866355419158936,550.25,3913.97
2021-02-19,126.88,1960.16,1.3967455625534058,542.75,3906.71
2021-02-22,123.1,1781.99,1.403114914894104,551.0,3876.5
2021-02-23,122.96,1570.2,1.4071228504180908,553.75,3881.37
2021-02-24,122.46,1626.58,1.412030577659607,559.25,3925.43
2021-02-25,118.2,1475.7,1.4148274660110474,554.75,3829.34
2021-02-26,118.47,1446.03,1.4008152484893799,555.5,3811.15
2021-03-01,124.85,1564.71,1.3972529172897339,547.5,3901.82
2021-03-02,122.24,1492.61,1.3929517269134521,560.75,3870.29
2021-03-03,119.25,1575.85,1.3954981565475464,550.25,3819.72
2021-03-04,117.36,1541.91,1.3926994800567627,546.25,3768.47
2021-03-05,118.62,1533.28,1.3894098997116089,562.0,3841.94
2021-03-08,113.68,1834.73,1.385367751121521,565.0,3821.35
2021-03-09,118.3,1868.05,1.3823610544204712,562.0,3875.44
2021-03-10,117.22,1799.17,1.3890432119369507,547.75,3898.81
2021-03-11,119.15,1826.19,1.3931456804275513,555.0,3939.34
2021-03-12,118.24,1772.1,1.3989927768707275,549.25,3943.34
2021-03-15,121.13,1791.7,1.3929517269134521,549.5,3968.94
2021-03-16,122.68,1806.97,1.3899120092391968,554.25,3962.71
2021-03-17,121.89,1823.45,1.3902212381362915,558.0,3974.12
2021-03-18,117.75,1782.86,1.3975849151611328,546.5,3915.46
2021-03-19,117.23,1817.62,1.3925055265426636,557.75,3913.1
2021-03-22,120.55,1691.33,1.3832597732543945,549.0,3940.59
2021-03-23,119.72,1678.65,1.3862512111663818,551.25,3910.52
2021-03-24,117.32,1593.41,1.3730417490005493,553.25,3889.14
2021-03-25,117.81,1595.36,1.3688879013061523,546.5,3909.52
2021-03-26,118.42,1702.84,1.374910593032837,552.5,3974.54
2021-03-29,118.59,1819.68,1.3791011571884155,546.75,3971.09
2021-03-30,117.14,1846.03,1.3775053024291992,539.25,3958.55
2021-03-31,119.34,1918.36,1.3746649026870728,564.25,3972.89
2021-04-01,120.17,1977.28,1.3786258697509766,559.75,4019.87
2021-04-05,123.0,2107.89,1.383125901222229,553.25,4077.91
2021-04-06,123.3,2118.38,1.3914011716842651,554.25,4073.94
2021-04-07,124.95,1971.08,1.383125901222229,560.5,4079.95
2021-04-08,127.36,2088.57,1.3743815422058105,579.75,4097.17
2021-04-09,129.94,2072.11,1.373437762260437,577.25,4128.8
2021-04-12,128.22,2139.35,1.3712154626846313,569.0,4127.99
2021-04-13,131.33,2299.19,1.3753834962844849,580.0,4141.59
2021-04-14,128.99,2435.1,1.3759700059890747,594.0,4124.66
2021-04-15,131.4,2519.12,1.3779228925704956,590.0,4170.42
2021-04-16,131.07,2431.95,1.3785498142242432,585.5,4185.47
2021-04-19,131.73,2166.19,1.3818453550338745,592.0,4163.26
2021-04-20,130.04,2330.21,1.3993842601776123,606.5,4134.94
2021-04-21,130.42,2364.75,1.3938837051391602,625.5,4173.42
2021-04-22,128.9,2403.54,1.3931845426559448,650.5,4134.98
2021-04-23,131.23,2363.59,1.3840255737304688,655.5,4180.17
2021-04-26,131.62,2534.48,1.3866355419158936,680.5,4187.62
2021-04-27,131.29,2662.87,1.3895643949508667,695.5,4186.72
2021-04-28,130.5,2746.38,1.390356421470642,686.25,4183.18
2021-04-29,130.4,2756.88,1.395673394203186,702.0,4211.47
2021-04-30,128.43,2773.21,1.3952839374542236,740.0,4181.17
2021-05-03,129.49,3431.09,1.3819791078567505,732.25,4192.66
2021-05-04,124.9,3253.63,1.3903758525848389,744.75,4164.66
2021-05-05,125.15,3522.78,1.388811707496643,753.25,4167.59
2021-05-06,126.75,3490.88,1.3909753561019897,759.5,4201.62
2021-05-07,127.43,3484.73,1.389854073524475,772.75,4232.6
2021-05-10,124.14,3952.29,1.4041197299957275,748.0,4188.43
2021-05-11,123.22,4168.7,1.4131278991699219,759.5,4152.1
2021-05-12,120.15,3785.85,1.4138271808624268,757.5,4063.04
2021-05-13,122.3,3715.15,1.4063708782196045,719.0,4112.5
2021-05-14,124.72,4079.06,1.4050863981246948,685.0,4173.85
2021-05-17,123.57,3282.4,1.4101786613464355,652.5,4163.29
2021-05-18,122.18,3380.07,1.4148674011230469,658.25,4127.83
2021-05-19,122.02,2460.68,1.41880202293396,658.25,4115.68
2021-05-20,124.59,2784.29,1.4106162786483765,664.5,4159.12
2021-05-21,122.75,2430.62,1.4185603857040405,659.5,4155.86
2021-05-24,124.38,2643.59,1.4142870903015137,657.25,4197.05
2021-05-25,124.19,2706.63,1.415608525276184,620.25,4188.13
2021-05-26,124.14,2888.7,1.4143872261047363,624.5,4195.99
2021-05-27,122.6,2736.49,1.4116119146347046,664.5,4200.88
2021-05-28,121.95,2419.91,1.4203739166259766,656.75,4204.11
2021-06-01,121.62,2633.52,1.4226775169372559,688.75,4202.04
2021-06-02,122.39,2706.12,1.4157087802886963,675.0,4208.12
2021-06-03,120.9,2855.13,1.4171934127807617,662.0,4192.85
2021-06-04,123.2,2688.2,1.4109944105148315,682.75,4229.89
2021-06-07,123.21,2590.26,1.4164307117462158,679.25,4226.52
2021-06-08,124.03,2517.44,1.41765558719635,680.0,4227.26
2021-06-09,124.41,2608.27,1.414987564086914,690.75,4219.55
2021-06-10,123.41,2471.52,1.4112334251403809,699.0,4239.18
2021-06-11,124.63,2353.77,1.4170126914978027,684.5,4247.44
2021-06-14,127.69,2537.89,1.411930799484253,659.25,4255.15
2021-06-15,126.87,2610.94,1.4109944105148315,667.5,4246.59
2021-06-16,127.37,2367.66,1.4081531763076782,673.0,4223.7
2021-06-17,128.97,2372.0,1.3990709781646729,633.0,4221.86
2021-06-18,127.67,2231.73,1.3938642740249634,655.25,4166.45
2021-06-21,129.47,1888.45,1.381711721420288,659.25,4224.79
2021-06-22,131.12,1874.95,1.392540454864502,659.75,4246.44
2021-06-23,130.84,1989.74,1.3949919939041138,664.25,4241.84
2021-06-24,130.56,1988.46,1.3967455625534058,653.25,4266.49
2021-06-25,130.26,1813.22,1.3916915655136108,636.5,4280.7
2021-06-28,131.9,2079.66,1.389506459236145,675.5,4290.61
2021-06-29,133.42,2160.77,1.3879058361053467,694.5,4291.8
2021-06-30,134.03,2274.55,1.3842746019363403,720.0,4297.5
2021-07-01,134.34,2113.61,1.3829153776168823,719.75,4319.94
2021-07-02,136.97,2150.04,1.3759511709213257,697.25,4352.34
2021-07-06,138.98,2324.68,1.3856172561645508,656.0,4343.54
2021-07-07,141.48,2315.16,1.3805670738220215,652.5,4358.13
2021-07-08,140.18,2120.03,1.3801099061965942,638.0,4320.82
2021-07-09,142.01,2146.69,1.3790820837020874,629.75,4369.55
2021-07-12,141.41,2036.72,1.3899506330490112,669.25,4384.63
2021-07-13,142.53,1940.08,1.3886960744857788,677.0,4369.21
2021-07-14,145.96,1994.33,1.3806052207946777,683.0,4374.3
2021-07-15,145.31,1911.18,1.385809302330017,564.25,4360.03
2021-07-16,143.26,1880.38,1.3829728364944458,556.0,4327.16
2021-07-19,139.4,1817.3,1.3763866424560547,556.0,4258.49
2021-07-20,143.03,1787.51,1.3669979572296143,571.75,4323.06
2021-07-21,142.29,1990.97,1.3633265495300293,571.75,4358.69
2021-07-22,143.66,2025.2,1.3714035749435425,564.5,4367.48
2021-07-23,145.38,2124.78,1.377389669418335,547.25,4411.79
2021-07-26,145.8,2233.37,1.3757808208465576,549.75,4422.3
2021-07-27,143.63,2298.33,1.3829153776168823,548.75,4401.46
2021-07-28,141.88,2296.55,1.3882719278335571,549.25,4400.64
2021-07-29,142.53,2380.96,1.3906852006912231,558.0,4419.15
2021-07-30,142.74,2466.96,1.3964334726333618,547.0,4395.26
2021-08-02,142.41,2610.15,1.3896223306655884,558.75,4387.16
2021-08-03,144.21,2502.35,1.3892748355865479,550.5,4423.15
2021-08-04,143.81,2724.62,1.391788363456726,545.75,4402.66
2021-08-05,143.92,2827.33,1.3890432119369507,555.75,4429.1
2021-08-06,143.23,2890.94,1.3927576541900635,555.0,4436.52
2021-08-09,143.18,3167.86,1.3868471384048462,550.25,4432.35
2021-08-10,142.7,3141.69,1.3849073648452759,549.25,4436.75
2021-08-11,142.96,3164.25,1.3836042881011963,556.25,4442.41
2021-08-12,145.92,3043.41,1.3866932392120361,567.0,4460.83
2021-08-13,146.13,3322.21,1.3811582326889038,568.25,4468.0
2021-08-16,148.11,3156.51,1.3863856792449951,564.75,4479.71
2021-08-17,147.2,3014.85,1.3842746019363403,558.25,4448.08
2021-08-18,143.45,3020.09,1.3740416765213013,561.75,4400.27
2021-08-19,143.78,3182.7,1.3743815422058105,550.0,4405.8
2021-08-20,145.24,3286.94,1.3630849123001099,538.75,4441.67
2021-08-23,146.73,3319.26,1.3625277280807495,538.0,4479.53
2021-08-24,146.64,3172.46,1.37247633934021,544.5,4486.23
2021-08-25,145.41,3224.92,1.3725517988204956,551.25,4496.19
2021-08-26,144.6,3100.33,1.3766520023345947,552.75,4470.0
2021-08-27,145.64,3270.6,1.3702384233474731,558.0,4509.37
2021-08-30,150.07,3224.37,1.3762996196746826,540.25,4528.79
2021-08-31,148.81,3433.73,1.376045823097229,534.0,4522.68
2021-09-01,149.47,3834.83,1.3753398656845093,515.5,4524.09
2021-09-02,150.59,3790.99,1.3771638870239258,516.25,4536.95
2021-09-03,151.23,3940.61,1.383680820465088,508.0,4535.43
2021-09-07,153.57,3426.39,1.3839489221572876,495.75,4520.03
2021-09-08,152.02,3497.32,1.3779798746109009,498.25,4514.07
2021-09-09,151.0,3427.34,1.3767657279968262,496.0,4493.28
2021-09-10,146.0,3211.51,1.3839681148529053,502.75,4458.58
2021-09-13,146.57,3285.51,1.3840830326080322,496.75,4468.73
2021-09-14,145.17,3429.17,1.3838149309158325,503.0,4443.05
2021-09-15,146.06,3615.28,1.381024718284607,533.5,4480.7
2021-09-16,145.83,3571.29,1.3848881721496582,529.5,4473.75
2021-09-17,143.15,3398.54,1.3797005414962769,527.25,4432.99
2021-09-20,140.09,2958.99,1.3729662895202637,521.75,4357.73
2021-09-21,140.57,2764.43,1.366269588470459,517.0,4354.19
2021-09-22,142.95,3077.87,1.3657469749450684,525.5,4395.64
2021-09-23,143.91,3155.52,1.3617113828659058,529.25,4448.98
2021-09-24,143.99,2931.67,1.3722503185272217,526.75,4455.48
2021-09-27,142.47,2934.14,1.3669044971466064,539.5,4443.11
2021-09-28,139.08,2807.3,1.3701633214950562,532.5,4352.63
2021-09-29,139.99,2853.14,1.354224443435669,539.0,4359.46
2021-09-30,138.68,3001.68,1.3426424264907837,536.75,4307.54
2021-10-01,139.81,3307.52,1.346982717514038,541.5,4357.04
2021-10-04,136.37,3380.09,1.3570915460586548,540.75,4300.46
2021-10-05,138.3,3518.52,1.3607479333877563,537.5,4345.72
2021-10-06,139.17,3580.56,1.3627691268920898,532.25,4363.55
2021-10-07,140.44,3587.97,1.3592127561569214,534.0,4399.76
2021-10-08,140.05,3563.76,1.3620266914367676,530.5,4391.34
2021-10-11,139.97,3545.35,1.361655831336975,533.0,4361.19
2021-10-12,138.69,3492.57,1.3590649366378784,522.5,4350.65
2021-10-13,138.1,3606.2,1.3578838109970093,512.25,4363.8
2021-10-14,140.9,3786.01,1.366923213005066,516.75,4438.26
2021-10-15,141.96,3862.63,1.3668859004974365,525.75,4471.37
2021-10-18,143.63,3748.76,1.376159429550171,532.75,4486.46
2021-10-19,145.8,3877.65,1.373645305633545,530.25,4519.63
2021-10-20,146.29,4155.99,1.3793197870254517,539.25,4536.19
2021-10-21,146.5,4054.32,1.3822999000549316,532.25,4549.78
2021-10-22,145.73,3970.18,1.379120111465454,538.0,4544.9
2021-10-25,145.68,4217.88,1.3762730360031128,538.0,4566.48
2021-10-26,146.35,4131.1,1.37644362449646,543.5,4574.79
2021-10-27,145.89,3930.26,1.3766140937805176,557.25,4551.68
2021-10-28,149.53,4287.32,1.3732868432998657,562.75,4596.42
2021-10-29,146.82,4414.75,1.380071759223938,568.25,4605.38
2021-11-01,145.99,4324.63,1.36832594871521,579.0,4613.67
2021-11-02,147.03,4584.8,1.365541934967041,573.0,4630.65
2021-11-03,148.47,4607.19,1.3617392778396606,564.0,4660.57
2021-11-04,147.95,4537.32,1.3694878816604614,559.25,4680.06
2021-11-05,148.48,4486.24,1.3508602380752563,553.0,4697.53
2021-11-08,147.66,4812.09,1.349127173423767,551.5,4701.7
2021-11-09,148.02,4735.07,1.3564507961273193,554.75,4685.25
2021-11-10,145.19,4636.17,1.3560001850128174,569.25,4646.71
2021-11-11,145.14,4730.38,1.3412736654281616,569.5,4649.27
2021-11-12,147.22,4667.12,1.3366482257843018,577.25,4682.85
2021-11-15,147.23,4557.5,1.341705560684204,576.5,4682.8
2021-11-16,148.21,4216.37,1.3408420085906982,571.0,4700.9
2021-11-17,150.65,4287.59,1.3424620628356934,575.25,4688.67
2021-11-18,154.95,4000.65,1.34916353225708,573.0,4704.54
2021-11-19,157.58,4298.31,1.3499648571014404,570.75,4697.96
2021-11-22,158.04,4088.46,1.3434540033340454,576.75,4682.94
2021-11-23,158.43,4340.76,1.3397642374038696,580.5,4690.7
2021-11-24,158.95,4239.98,1.337595820426941,579.75,4701.46
2021-11-26,153.91,4030.91,1.331416130065918,586.75,4594.62
2021-11-29,157.28,4445.1,1.334098219871521,581.0,4655.27
2021-11-30,162.24,4631.48,1.3315047025680542,567.0,4567.0
2021-12-01,161.72,4586.99,1.3295927047729492,572.0,4513.04
2021-12-02,160.73,4511.3,1.3280000686645508,577.0,4577.1
2021-12-03,158.85,4220.71,1.3299994468688965,586.0,4538.43
2021-12-06,162.26,4358.74,1.3237318992614746,583.5,4591.67
2021-12-07,168.02,4315.06,1.326435923576355,586.25,4686.75
2021-12-08,171.84,4439.36,1.3246086835861206,584.75,4701.21
2021-12-09,171.33,4119.82,1.3210039138793945,588.5,4667.45
2021-12-10,176.13,3908.5,1.3224014043807983,588.5,4712.02
2021-12-13,172.49,3784.23,1.3257148265838623,584.25,4668.97
2021-12-14,171.11,3745.44,1.3213530778884888,588.75,4634.09
2021-12-15,175.99,4018.39,1.323050618171692,585.75,4709.85
2021-12-16,169.08,3962.47,1.3263126611709595,591.25,4668.67
2021-12-17,167.98,3879.49,1.3323739767074585,593.25,4620.64
2021-12-20,166.61,3933.84,1.3229438066482544,591.0,4568.02
2021-12-21,169.79,4020.26,1.3210004568099976,598.25,4649.23
2021-12-22,172.39,3982.1,1.3269639015197754,602.5,4696.56
2021-12-23,173.02,4108.02,1.3352025747299194,605.75,4725.79
2021-12-27,177.0,4037.55,1.3404303789138794,614.75,4791.19
2021-12-28,175.98,3800.89,1.344266653060913,604.75,4786.35
2021-12-29,176.06,3628.53,1.3433277606964111,605.5,4793.06
2021-12-30,174.91,3713.85,1.349879264831543,596.0,4778.73
2021-12-31,174.29,3682.63,1.349837303161621,593.25,4766.18
2022-01-03,178.65,3761.38,1.3522284030914307,589.25,4796.56
2022-01-04,176.38,3794.06,1.3483266830444336,609.5,4793.54
2022-01-05,171.69,3550.39,1.353143334388733,602.25,4700.58
2022-01-06,168.82,3418.41,1.3555645942687988,603.75,4696.05
2022-01-07,168.99,3193.21,1.353363037109375,606.75,4677.03
2022-01-10,169.01,3083.1,1.3592311143875122,599.75,4670.29
2022-01-11,171.84,3238.11,1.3580313920974731,601.0,4713.07
2022-01-12,172.29,3372.26,1.3633265495300293,599.0,4726.35
2022-01-13,169.01,3248.29,1.3709993362426758,587.5,4659.03
2022-01-14,169.87,3310.0,1.3713659048080444,596.25,4662.85
2022-01-18,166.66,3164.03,1.364800214767456,599.5,4577.11
2022-01-19,163.16,3095.83,1.3600261211395264,610.5,4532.76
2022-01-20,161.47,3001.12,1.3608589172363281,611.0,4482.73
2022-01-21,159.41,2557.93,1.359767198562622,616.25,4397.94
2022-01-24,158.63,2440.35,1.3555830717086792,621.0,4410.13
2022-01-25,156.83,2455.94,1.3489269018173218,620.0,4356.45
2022-01-26,156.74,2468.03,1.3510775566101074,627.0,4349.93
2022-01-27,156.28,2423.0,1.3468012809753418,625.25,4326.51
2022-01-28,167.18,2547.09,1.3388315439224243,636.0,4431.85
2022-01-31,171.55,2688.28,1.3403388261795044,626.0,4515.55
2022-02-01,171.38,2792.12,1.3445378541946411,634.75,4546.54
2022-02-02,172.59,2682.85,1.352539300918579,622.5,4589.38
2022-02-03,169.7,2679.16,1.3565024137496948,616.75,4477.44
2022-02-04,169.42,2983.59,1.359841227531433,620.5,4500.53
2022-02-07,168.7,3142.47,1.3533447980880737,635.25,4483.87
2022-02-08,171.82,3122.61,1.353780746459961,632.25,4521.54
2022-02-09,173.24,3239.46,1.3547565937042236,646.75,4587.18
2022-02-10,169.15,3077.48,1.3533265590667725,641.75,4504.08
2022-02-11,165.73,2927.38,1.3551788330078125,651.0,4418.64
2022-02-14,165.97,2933.48,1.3569625616073608,655.75,4401.67
2022-02-15,169.81,3179.88,1.3532898426055908,638.0,4471.07
2022-02-16,169.58,3127.83,1.3541145324707031,647.0,4475.01
2022-02-17,165.97,2881.48,1.3584926128387451,650.0,4380.26
2022-02-18,164.42,2785.73,1.3618782758712769,654.25,4348.87
2022-02-22,161.49,2639.3,1.3596007823944092,674.75,4304.76
2022-02-23,157.31,2590.36,1.3589357137680054,683.75,4225.5
2022-02-24,159.94,2598.07,1.3545730113983154,695.0,4288.7
2022-02-25,162.01,2764.54,1.337327480316162,659.5,4384.65
2022-02-28,162.27,2919.2,1.337327480316162,697.5,4373.94
2022-03-01,160.39,2972.49,1.3422818183898926,739.75,4306.26
2022-03-02,163.69,2950.12,1.3335111141204834,739.0,4386.54
2022-03-03,163.37,2834.47,1.33969247341156,751.25,4363.49
2022-03-04,160.36,2617.16,1.3350956439971924,756.5,4328.87
2022-03-07,156.55,2497.77,1.3212482929229736,749.25,4201.09
2022-03-08,154.73,2576.75,1.3112295866012573,754.5,4170.7
2022-03-09,160.14,2729.78,1.3099292516708374,735.0,4277.88
2022-03-10,155.79,2608.05,1.3185653686523438,757.75,4259.52
2022-03-11,152.06,2559.56,1.3103240728378296,764.5,4204.31
2022-03-14,148.02,2590.7,1.3050298690795898,728.25,4173.11
2022-03-15,152.42,2620.15,1.3011853694915771,758.0,4262.45
2022-03-16,156.84,2772.06,1.304648518562317,730.0,4357.86
2022-03-17,157.85,2814.85,1.3141123056411743,754.5,4411.67
2022-03-18,161.15,2945.34,1.3160406351089478,741.75,4463.12
2022-03-21,162.53,2897.98,1.3160839080810547,756.25,4461.18
2022-03-22,165.91,2973.13,1.3168290853500366,753.0,4511.61
2022-03-23,167.28,3031.07,1.3266470432281494,757.75,4456.24
2022-03-24,171.07,3108.06,1.3206027746200562,748.25,4520.16
2022-03-25,171.71,3106.67,1.3195745944976807,754.0,4543.06
2022-03-28,172.57,3336.63,1.317627191543579,748.5,4575.52
2022-03-29,175.88,3401.99,1.3103584051132202,726.25,4631.6
2022-03-30,174.71,3385.16,1.3093804121017456,738.0,4602.45
2022-03-31,171.6,3281.64,1.3138878345489502,748.75,4530.41
2022-04-01,171.31,3449.55,1.314699649810791,735.0,4545.86
2022-04-04,175.36,3521.24,1.3103755712509155,750.5,4582.64
2022-04-05,172.04,3411.79,1.3114582300186157,759.75,4525.12
2022-04-06,168.87,3171.69,1.3077365159988403,756.5,4481.15
2022-04-07,169.17,3233.27,1.307206630706787,757.75,4500.21
2022-04-08,167.16,3192.07,1.3069332838058472,768.75,4488.28
2022-04-11,162.89,2981.05,1.303220272064209,764.5,4412.53
2022-04-12,164.77,3030.38,1.3024225234985352,776.25,4397.45
2022-04-13,167.46,3118.34,1.3002548217773438,783.5,4446.59
2022-04-14,162.44,3019.91,1.312026023864746,790.25,4392.59
2022-04-18,162.23,3057.61,1.3057557344436646,813.25,4391.69
2022-04-19,164.52,3104.11,1.3009822368621826,804.0,4462.21
2022-04-20,164.35,3077.75,1.301371693611145,815.75,4459.45
2022-04-21,163.55,2987.48,1.3068820238113403,799.25,4393.66
2022-04-22,159.0,2964.84,1.302626132965088,793.0,4271.78
2022-04-25,160.07,3009.39,1.2830876111984253,800.25,4296.12
2022-04-26,154.1,2808.3,1.2739989757537842,803.25,4175.2
2022-04-27,153.87,2888.93,1.2583998441696167,815.5,4183.96
2022-04-28,160.82,2936.94,1.2541857957839966,816.0,4287.5
2022-04-29,154.93,2815.6,1.2463854551315308,818.25,4131.93
2022-05-02,155.24,2857.41,1.2573871612548828,813.0,4155.38
2022-05-03,156.73,2783.48,1.2498282194137573,800.75,4175.48
2022-05-04,163.16,2940.64,1.2500405311584473,798.5,4300.17
2022-05-05,154.07,2749.21,1.261813759803772,803.75,4146.87
2022-05-06,154.8,2694.98,1.2364147901535034,792.25,4123.34
2022-05-09,149.66,2245.43,1.2326656579971313,784.5,3991.24
2022-05-10,152.07,2343.51,1.2338824272155762,786.5,4001.05
2022-05-11,144.19,2072.11,1.2309207916259766,802.25,3935.18
2022-05-12,140.31,1961.7,1.2234212160110474,813.5,3930.08
2022-05-13,144.79,2014.42,1.220613718032837,794.5,4023.89
2022-05-16,143.24,2022.73,1.2258507013320923,809.5,4008.01
2022-05-17,146.88,2090.41,1.2324832677841187,800.75,4088.85
2022-05-18,138.6,1916.66,1.2484394311904907,781.5,3923.68
2022-05-19,135.18,2018.34,1.2345831394195557,783.25,3900.79
2022-05-20,135.42,1961.32,1.2462146282196045,778.75,3901.36
2022-05-23,140.85,1972.18,1.2504063844680786,786.25,3973.75
2022-05-24,138.14,1978.98,1.256754994392395,771.75,3941.48
2022-05-25,138.3,1944.83,1.2542959451675415,772.25,3978.73
2022-05-26,141.51,1803.91,1.258610486984253,765.0,4057.84
2022-05-27,147.28,1724.92,1.261734127998352,777.25,4158.24
2022-05-31,146.49,1942.33,1.2647020816802979,753.5,4132.15
2022-06-01,146.36,1823.57,1.2608909606933594,731.25,4101.23
2022-06-02,148.82,1834.15,1.2483147382736206,730.25,4176.82
2022-06-03,143.08,1775.08,1.2579249143600464,727.0,4108.54
2022-06-06,143.83,1859.29,1.249230146408081,742.5,4121.43
2022-06-07,146.36,1814.05,1.2523481845855713,757.0,4160.68
2022-06-08,145.62,1793.57,1.2587324380874634,764.5,4115.77
2022-06-09,140.39,1789.83,1.254028558731079,773.0,4017.82
2022-06-10,134.96,1665.04,1.2492972612380981,773.25,3900.86
2022-06-13,129.8,1204.58,1.2274909019470215,769.25,3749.63
2022-06-14,130.66,1211.66,1.2144765853881836,768.25,3735.48
2022-06-15,133.29,1233.21,1.201258897781372,774.0,3789.99
2022-06-16,128.01,1067.73,1.2174336910247803,788.25,3666.77
2022-06-17,129.48,1086.52,1.2354830503463745,784.5,3674.84
2022-06-21,133.72,1124.82,1.225174903869629,760.75,3764.79
2022-06-22,133.21,1051.42,1.2266627550125122,768.0,3759.89
2022-06-23,136.09,1143.39,1.225084900856018,746.75,3795.73
2022-06-24,139.42,1226.84,1.2260762453079224,750.25,3911.74
2022-06-27,139.42,1193.68,1.228244662284851,744.25,3900.11
2022-06-28,135.27,1144.58,1.2267379760742188,759.5,3821.55
2022-06-29,137.03,1098.94,1.2189769744873047,770.25,3818.83
2022-06-30,134.56,1067.3,1.2131799459457397,743.75,3785.38
2022-07-01,136.74,1059.77,1.2160863876342773,754.5,3825.33
2022-07-05,139.32,1134.54,1.211445689201355,736.0,3831.39
2022-07-06,140.66,1186.97,1.19491446018219,744.25,3845.08
2022-07-07,144.04,1237.59,1.1923214197158813,747.0,3902.62
2022-07-08,144.72,1222.51,1.2028049230575562,778.25,3899.38
2022-07-11,142.58,1097.24,1.2016630172729492,781.25,3854.43
2022-07-12,143.56,1038.19,1.1900936365127563,732.75,3818.8
2022-07-13,143.19,1113.59,1.1877753734588623,740.0,3801.78
2022-07-14,146.13,1191.53,1.186380386352539,695.0,3790.38
2022-07-15,147.8,1233.13,1.1839643716812134,604.25,3863.16
2022-07-18,144.75,1578.72,1.1888344287872314,612.25,3830.85
2022-07-19,148.62,1542.98,1.194828748703003,596.75,3936.69
2022-07-20,150.62,1520.2,1.2003505229949951,592.25,3959.9
2022-07-21,152.9,1576.75,1.1971746683120728,575.75,3998.95
2022-07-22,151.66,1537.41,1.1996161937713623,564.25,3961.63
2022-07-25,150.53,1445.38,1.1986957788467407,580.0,3966.84
2022-07-26,149.21,1441.81,1.2055164575576782,597.0,3921.05
2022-07-27,154.31,1636.23,1.2036880254745483,600.25,4023.61
2022-07-28,154.87,1725.47,1.2163082361221313,615.0,4072.43
2022-07-29,159.94,1727.41,1.2173447608947754,616.25,4130.29
2022-08-01,158.96,1635.2,1.2167373895645142,607.0,4118.63
2022-08-02,157.48,1632.95,1.2254151105880737,591.25,4091.19
2022-08-03,163.51,1618.87,1.2142995595932007,591.5,4155.17
2022-08-04,163.19,1608.21,1.2138278484344482,602.25,4151.94
2022-08-05,162.97,1732.25,1.215849757194519,610.25,4145.19
2022-08-08,162.49,1775.52,1.2059526443481445,608.5,4140.06
2022-08-09,162.54,1703.03,1.208473801612854,615.5,4122.47
2022-08-10,166.8,1851.74,1.207423210144043,621.25,4210.24
2022-08-11,166.06,1881.22,1.2212995290756226,629.25,4207.27
2022-08-12,169.62,1957.25,1.2196162939071655,639.75,4280.15
2022-08-15,170.69,1904.23,1.2127974033355713,626.75,4297.14
2022-08-16,170.53,1878.14,1.205690860748291,611.0,4305.2
2022-08-17,172.03,1833.0,1.209818959236145,615.0,4274.04
2022-08-18,171.64,1847.01,1.2045146226882935,619.75,4283.74
2022-08-19,169.05,1612.99,1.193274736404419,626.0,4228.48
2022-08-22,165.15,1622.51,1.1818095445632935,633.5,4137.99
2022-08-23,164.82,1662.77,1.1766505241394043,660.0,4128.73
2022-08-24,165.11,1657.06,1.18327796459198,665.75,4140.77
2022-08-25,167.58,1696.46,1.1791757345199585,657.5,4199.12
2022-08-26,161.26,1507.78,1.1824007034301758,668.75,4057.66
2022-08-29,159.05,1553.04,1.1694538593292236,683.75,4030.61
2022-08-30,156.62,1523.84,1.172250509262085,679.75,3986.16
2022-08-31,154.95,1553.68,1.1659767627716064,673.75,3955.0
2022-09-01,155.68,1586.18,1.1598505973815918,658.25,3966.85
2022-09-02,153.56,1577.22,1.154894471168518,669.0,3924.26
2022-09-06,152.3,1561.75,1.156644344329834,680.75,3908.19
2022-09-07,153.71,1629.91,1.151185154914856,676.75,3979.87
2022-09-08,152.23,1635.35,1.1519808769226074,674.5,4006.18
2022-09-09,155.1,1719.09,1.1521600484848022,698.5,4067.36
2022-09-12,161.07,1713.77,1.1619395017623901,712.25,4110.41
2022-09-13,151.62,1580.79,1.1689754724502563,709.0,3932.69
2022-09-14,153.07,1634.76,1.1506155729293823,709.0,3946.01
2022-09-15,150.17,1471.69,1.1544944047927856,677.5,3901.35
2022-09-16,148.53,1432.45,1.1452654600143433,677.25,3873.33
2022-09-19,152.25,1377.54,1.1433144807815552,678.25,3899.89
2022-09-20,154.64,1324.39,1.1443217992782593,692.0,3855.93
2022-09-21,151.5,1252.61,1.138057827949524,685.5,3789.93
2022-09-22,150.54,1327.68,1.1255937814712524,688.25,3757.99
2022-09-23,148.26,1328.26,1.126417875289917,676.75,3693.23
2022-09-26,148.6,1335.32,1.0797386169433594,666.25,3655.04
2022-09-27,149.57,1330.13,1.077284336090088,667.5,3647.29
2022-09-28,147.68,1337.41,1.072754144668579,670.5,3719.04
2022-09-29,140.43,1335.65,1.0835996866226196,669.5,3640.47
2022-09-30,136.21,1327.98,1.1169440746307373,677.5,3585.62
2022-10-03,140.4,1323.44,1.114057183265686,680.75,3678.43
2022-10-04,143.99,1362.13,1.1334141492843628,683.0,3790.93
2022-10-05,144.29,1352.84,1.1451343297958374,684.0,3783.28
2022-10-06,143.33,1351.71,1.13553786277771,675.5,3744.52
2022-10-07,138.07,1332.52,1.1162084341049194,683.25,3639.66
2022-10-10,138.39,1291.34,1.1072726249694824,698.25,3612.39
2022-10-11,136.98,1279.58,1.1076405048370361,693.0,3588.84
2022-10-12,136.34,1294.91,1.0967799425125122,693.0,3577.03
2022-10-13,140.93,1288.12,1.11055588722229,697.75,3669.91
2022-10-14,136.38,1297.42,1.1303905248641968,689.75,3583.07
2022-10-17,140.36,1331.71,1.124416708946228,683.5,3677.95
2022-10-18,141.68,1310.45,1.1353960037231445,681.0,3719.98
2022-10-19,141.79,1285.74,1.134429931640625,678.25,3695.16
2022-10-20,141.32,1283.2,1.1211013793945312,684.0,3665.78
2022-10-21,145.15,1299.95,1.1221455335617065,684.25,3752.75
2022-10-24,147.29,1345.0,1.1344685554504395,681.5,3797.34
2022-10-25,150.14,1461.67,1.1307740211486816,686.25,3859.11
2022-10-26,147.2,1566.57,1.146223783493042,685.0,3830.6
2022-10-27,142.71,1514.37,1.1638191938400269,682.25,3807.3
2022-10-28,153.49,1555.48,1.1566041707992554,680.75,3901.06
2022-10-31,151.13,1572.71,1.159595012664795,691.5,3871.98
2022-11-01,148.48,1579.7,1.146815299987793,697.75,3856.1
2022-11-02,142.94,1519.71,1.1489498615264893,687.5,3759.69
2022-11-03,136.88,1531.54,1.1384334564208984,679.25,3719.89
2022-11-04,136.61,1645.09,1.1171187162399292,681.0,3770.55
2022-11-07,137.14,1568.59,1.1331573724746704,675.75,3806.8
2022-11-08,137.72,1332.84,1.1517950296401978,667.5,3828.11
2022-11-09,133.15,1100.17,1.1552680730819702,664.5,3748.57
2022-11-10,144.99,1299.46,1.1368157863616943,653.25,3956.37
2022-11-11,147.79,1287.22,1.1695632934570312,658.0,3992.93
2022-11-14,146.38,1241.6,1.1799131631851196,657.25,3957.25
2022-11-15,148.12,1251.74,1.175249695777893,666.75,3991.73
2022-11-16,146.89,1215.6,1.1880435943603516,665.25,3958.79
2022-11-17,148.79,1200.81,1.191525936126709,667.5,3946.56
2022-11-18,149.36,1212.3,1.1860145330429077,667.75,3965.34
2022-11-21,146.12,1108.35,1.1886366605758667,659.5,3949.94
2022-11-22,148.26,1135.17,1.1827600002288818,656.75,4003.58
2022-11-23,149.14,1183.2,1.1894567012786865,663.25,4027.26
2022-11-25,146.22,1198.93,1.2113430500030518,668.0,4026.12
2022-11-28,142.38,1170.09,1.2054728269577026,668.75,3963.94
2022-11-29,139.36,1216.9,1.1960291862487793,665.75,3957.63
2022-11-30,146.14,1295.69,1.1946860551834106,662.0,4080.11
2022-12-01,146.41,1276.27,1.207749843597412,650.0,4076.57
2022-12-02,145.92,1294.3,1.2259259223937988,635.0,4071.7
2022-12-05,144.75,1259.68,1.2297248840332031,628.75,3998.84
2022-12-06,141.08,1271.65,1.2192445993423462,625.5,3941.26
2022-12-07,139.14,1232.44,1.2133007049560547,627.75,3933.92
2022-12-08,140.83,1281.12,1.2212398052215576,632.0,3963.51
2022-12-09,140.34,1264.28,1.2236007452011108,634.75,3934.38
2022-12-12,142.64,1274.62,1.2239153385162354,641.25,3990.56
2022-12-13,143.61,1320.55,1.2270842790603638,643.75,4019.65
2022-12-14,141.38,1309.33,1.235666275024414,639.0,3995.32
2022-12-15,134.75,1266.35,1.2419428825378418,653.5,3895.75
2022-12-16,132.79,1168.26,1.2189176082611084,653.0,3852.36
2022-12-19,130.68,1167.61,1.2160272598266602,647.25,3817.66
2022-12-20,130.61,1217.7,1.2153326272964478,652.0,3821.62
2022-12-21,133.72,1213.6,1.2189176082611084,662.25,3878.44
2022-12-22,130.54,1218.18,1.2077397108078003,660.5,3822.39
2022-12-23,130.17,1220.16,1.203992486000061,666.25,3844.82
2022-12-27,128.37,1212.79,1.2084153890609741,674.75,3829.25
2022-12-28,124.43,1189.99,1.2027326822280884,682.75,3783.22
2022-12-29,127.95,1201.6,1.2028483152389526,679.5,3849.28
2022-12-30,128.27,1199.23,1.2056326866149902,678.5,3839.5
2023-01-03,123.47,1214.78,1.206287145614624,670.5,3824.14
2023-01-04,124.74,1256.53,1.1969740390777588,653.75,3852.97
2023-01-05,123.42,1250.44,1.2057054042816162,652.75,3808.1
2023-01-06,127.96,1269.38,1.1912277936935425,654.0,3895.08
2023-01-09,128.49,1321.54,1.2116365432739258,652.75,3892.09
2023-01-10,129.06,1336.59,1.2184869050979614,655.0,3919.25
2023-01-11,131.78,1387.93,1.2154507637023926,656.0,3969.61
2023-01-12,131.7,1417.94,1.2159533500671387,671.0,3983.17
2023-01-13,133.04,1451.61,1.2217769622802734,675.0,3999.09
2023-01-17,134.2,1567.85,1.2207776308059692,685.25,3990.97
2023-01-18,133.48,1515.51,1.228471040725708,681.25,3928.86
2023-01-19,133.54,1552.56,1.2347661256790161,677.25,3898.85
2023-01-20,136.11,1659.75,1.2393262386322021,676.25,3972.61
2023-01-23,139.31,1628.25,1.240633249282837,666.25,4019.81
2023-01-24,140.71,1556.6,1.2379761934280396,677.0,4016.95
2023-01-25,140.05,1611.71,1.232923984527588,674.75,4016.22
2023-01-26,142.12,1603.11,1.2412492036819458,682.5,4060.43
2023-01-27,144.06,1598.16,1.2415266036987305,683.0,4070.56
2023-01-30,141.17,1567.33,1.2400301694869995,683.75,4017.77
2023-01-31,142.44,1586.54,1.2353609800338745,679.75,4076.6
2023-02-01,143.57,1641.79,1.2308903932571411,681.0,4119.21
2023-02-02,148.89,1643.24,1.2390038967132568,675.25,4179.76
2023-02-03,152.52,1664.75,1.222299575805664,677.5,4136.48
2023-02-06,149.79,1616.25,1.2045146226882935,679.0,4111.08
2023-02-07,152.67,1672.0,1.2026747465133667,674.0,4164.0
2023-02-08,149.98,1650.72,1.2054582834243774,678.5,4117.86
2023-02-09,148.94,1546.44,1.2071462869644165,670.75,4081.5
2023-02-10,149.31,1514.87,1.2116806507110596,680.5,4090.46
2023-02-13,152.11,1507.17,1.2052258253097534,685.0,4137.29
2023-02-14,151.47,1556.88,1.215214490890503,682.25,4136.13
2023-02-15,153.58,1673.75,1.2174336910247803,676.25,4147.6
2023-02-16,151.98,1640.07,1.2039779424667358,676.0,4090.41
2023-02-17,150.83,1694.78,1.197533130645752,677.75,4079.09
2023-02-21,146.81,1658.04,1.2039200067520142,680.5,3997.34
2023-02-22,147.23,1643.23,1.2109322547912598,674.0,3991.05
2023-02-23,147.71,1651.07,1.204993486404419,660.25,4012.32
2023-02-24,145.06,1608.37,1.2017786502838135,650.0,3970.04
2023-02-27,146.25,1634.33,1.1952428817749023,642.75,3982.24
2023-02-28,145.75,1605.9,1.2061562538146973,629.5,3970.15
2023-03-01,143.67,1663.43,1.2033549547195435,640.5,3951.39
2023-03-02,144.26,1647.32,1.2029930353164673,637.75,3981.35
2023-03-03,149.33,1569.17,1.1951572895050049,645.25,4045.64
2023-03-06,152.09,1567.4,1.2028483152389526,644.5,4048.42
2023-03-07,149.89,1561.93,1.2026457786560059,642.0,3986.37
2023-03-08,151.15,1534.09,1.1827740669250488,634.5,3992.01
2023-03-09,148.89,1438.66,1.1850166320800781,618.5,3918.32
2023-03-10,146.82,1429.16,1.192250370979309,624.25,3861.59
2023-03-13,148.77,1680.31,1.2079336643218994,624.5,3855.76
2023-03-14,150.87,1703.51,1.2171372175216675,627.5,3919.29
2023-03-15,151.26,1656.18,1.215214490890503,626.5,3891.93
2023-03-16,154.09,1677.22,1.20692777633667,632.75,3960.28
2023-03-17,153.25,1792.49,1.2110495567321777,634.25,3916.64
2023-03-20,155.62,1735.32,1.2187690734863281,633.0,3951.57
2023-03-21,157.48,1806.76,1.2276264429092407,630.0,4002.87
2023-03-22,156.05,1737.72,1.2225087881088257,633.5,3936.97
2023-03-23,157.14,1816.41,1.227973222732544,631.75,3948.72
2023-03-24,158.44,1752.04,1.228154182434082,643.0,3970.99
2023-03-27,156.49,1715.46,1.2246003150939941,648.25,3977.53
2023-03-28,155.87,1772.79,1.229755163192749,647.25,3971.27
2023-03-29,158.96,1793.0,1.2330456972122192,650.5,4027.81
2023-03-30,160.53,1792.74,1.2313603162765503,649.5,4050.83
2023-03-31,163.04,1822.02,1.2387275695800781,660.5,4109.31
2023-04-03,164.3,1810.3,1.228697419166565,657.75,4124.51
2023-04-04,163.76,1871.01,1.2423131465911865,653.75,4100.6
2023-04-05,161.91,1909.11,1.249843716621399,652.75,4090.38
2023-04-06,162.8,1872.92,1.2463078498840332,643.5,4105.02
2023-04-10,160.2,1911.21,1.2431625127792358,654.0,4109.11
2023-04-11,158.99,1892.19,1.239218831062317,651.0,4108.94
2023-04-12,158.29,1920.68,1.2431007623672485,656.0,4091.95
2023-04-13,163.69,2012.63,1.2492660284042358,652.25,4146.22
2023-04-14,163.35,2101.64,1.2525300979614258,666.25,4137.64
2023-04-17,163.37,2076.24,1.2400178909301758,676.5,4151.32
2023-04-18,164.59,2104.54,1.2375471591949463,677.5,4154.87
2023-04-19,165.74,1936.4,1.2425447702407837,672.25,4154.52
2023-04-20,164.77,1943.1,1.2428845167160034,663.75,4129.79
2023-04-21,163.16,1850.0,1.2440905570983887,663.25,4133.52
2023-04-24,163.46,1842.76,1.2449734210968018,651.25,4137.04
2023-04-25,161.92,1866.75,1.25,646.5,4071.63
2023-04-26,161.91,1866.56,1.2414803504943848,641.5,4055.99
2023-04-27,166.51,1908.79,1.2471472024917603,627.0,4135.35
2023-04-28,167.77,1892.51,1.249750018119812,636.0,4169.48
2023-05-01,167.68,1831.95,1.2557607889175415,639.5,4167.87
2023-05-02,166.64,1870.79,1.2485953569412231,638.0,4119.58
2023-05-03,165.56,1904.65,1.2476606369018555,645.25,4090.75
2023-05-04,163.92,1877.7,1.256897211074829,646.5,4061.22
2023-05-05,171.61,1995.06,1.2583364248275757,653.25,4136.25
2023-05-08,171.54,1849.04,1.2630568742752075,656.5,4138.12
2023-05-09,169.83,1848.6,1.2612725496292114,642.25,4119.17
2023-05-10,171.6,1842.4,1.2624667882919312,645.5,4137.64
2023-05-11,171.79,1796.49,1.2626996040344238,632.5,4130.62
2023-05-12,170.86,1808.02,1.2508130073547363,633.25,4124.08
2023-05-15,170.36,1817.55,1.2450973987579346,592.5,4136.28
2023-05-16,170.36,1824.12,1.2525207996368408,581.25,4109.9
2023-05-17,170.98,1821.86,1.2484394311904907,561.5,4158.77
2023-05-18,173.31,1801.73,1.2482805252075195,555.25,4198.05
2023-05-19,173.42,1812.59,1.2412338256835938,554.5,4191.98
2023-05-22,172.47,1817.53,1.2461059093475342,571.0,4192.63
2023-05-23,169.86,1854.38,1.243440866470337,577.5,4145.58
2023-05-24,170.14,1800.1,1.2417269945144653,587.25,4115.24
2023-05-25,171.28,1805.95,1.2371032238006592,590.75,4151.28
2023-05-26,173.69,1828.69,1.2318304777145386,604.0,4205.45
2023-05-30,175.54,1901.03,1.234933853149414,594.0,4205.52
2023-05-31,175.49,1874.13,1.241187572479248,594.0,4179.83
2023-06-01,178.3,1862.2,1.244694471359253,592.5,4221.02
2023-06-02,179.16,1907.26,1.2525991201400757,609.0,4282.37
2023-06-05,177.8,1811.83,1.2430236339569092,597.5,4273.79
2023-06-06,177.43,1884.49,1.2433171272277832,608.0,4283.85
2023-06-07,176.06,1832.4,1.2428536415100098,604.25,4267.52
2023-06-08,178.78,1846.3,1.2445859909057617,610.25,4293.93
2023-06-09,179.17,1840.23,1.2559500932693481,604.25,4298.86
2023-06-12,181.97,1742.53,1.25809907913208,617.25,4338.93
2023-06-13,181.49,1739.04,1.2515331506729126,612.5,4369.01
2023-06-14,182.13,1650.52,1.2606843709945679,607.75,4372.59
2023-06-15,184.17,1665.52,1.26708984375,623.25,4425.84
2023-06-16,183.09,1716.67,1.278576135635376,640.25,4409.59
2023-06-20,183.18,1792.12,1.2794759273529053,643.75,4388.71
2023-06-21,182.14,1891.01,1.276535987854004,671.0,4365.69
2023-06-22,185.15,1872.94,1.2772045135498047,660.5,4381.89
2023-06-23,184.83,1892.86,1.2747135162353516,630.75,4348.33
2023-06-26,183.43,1859.43,1.2729610204696655,637.25,4328.82
2023-06-27,186.2,1889.7,1.2711971998214722,623.0,4378.41
2023-06-28,187.37,1827.97,1.2744698524475098,590.0,4376.86
2023-06-29,187.71,1852.23,1.2642544507980347,581.0,4396.44
2023-06-30,192.05,1933.19,1.2614636421203613,554.5,4450.38
2023-07-03,190.55,1955.39,1.2693254947662354,557.25,4455.59
2023-07-05,189.43,1910.59,1.2717629671096802,548.25,4446.82
2023-07-06,189.91,1848.64,1.2704542875289917,566.75,4411.59
2023-07-07,188.79,1870.6,1.2742749452590942,560.5,4398.95
2023-07-10,186.74,1880.56,1.2838947772979736,570.75,4409.53
2023-07-11,186.22,1878.34,1.2864713668823242,571.75,4439.26
2023-07-12,187.89,1872.11,1.2934770584106445,549.75,4472.16
2023-07-13,188.65,2006.51,1.29962956905365,593.5,4510.04
2023-07-14,188.8,1939.35,1.3128528594970703,599.75,4505.42
2023-07-17,192.07,1911.65,1.3090204000473022,499.25,4522.79
2023-07-18,191.81,1897.6,1.307172417640686,528.75,4554.98
2023-07-19,193.17,1889.01,1.303508996963501,545.5,4565.72
2023-07-20,191.22,1890.97,1.2939791679382324,537.25,4534.87
2023-07-21,190.04,1892.08,1.2872332334518433,527.0,4536.34
2023-07-24,190.84,1850.0,1.2853471040725708,560.5,4554.64
2023-07-25,191.7,1857.74,1.281262755393982,557.5,4567.46
2023-07-26,192.57,1872.16,1.2893908023834229,540.25,4566.75
2023-07-27,191.3,1860.36,1.292724609375,533.25,4537.41
2023-07-28,193.89,1874.74,1.2793776988983154,521.0,4582.23
2023-07-31,194.5,1856.16,1.2853965759277344,504.0,4588.96
2023-08-01,193.67,1871.79,1.283400535583496,497.0,4576.73
2023-08-02,190.67,1839.09,1.2795741558074951,488.25,4513.39
2023-08-03,189.27,1835.14,1.2720379829406738,480.75,4501.89
2023-08-04,180.19,1827.71,1.2716336250305176,484.25,4478.03
2023-08-07,177.08,1826.94,1.2747948169708252,482.25,4518.44
2023-08-08,178.02,1855.81,1.2782002687454224,485.75,4499.38
2023-08-09,176.42,1854.3,1.2741613388061523,481.0,4467.71
2023-08-10,176.21,1850.75,1.2720056772232056,483.25,4468.83
2023-08-11,176.27,1847.12,1.2670094966888428,474.5,4464.05
2023-08-14,177.92,1844.19,1.2695027589797974,475.75,4489.72
2023-08-15,175.93,1826.93,1.2685203552246094,464.0,4437.86
2023-08-16,175.06,1805.66,1.2701315879821777,469.5,4404.33
2023-08-17,172.51,1684.93,1.2728151082992554,473.0,4370.36
2023-08-18,172.99,1660.95,1.275022268295288,479.5,4369.71
2023-08-21,174.33,1667.27,1.2741937637329102,469.25,4399.77
2023-08-22,175.71,1633.89,1.2760798931121826,466.5,4387.55
2023-08-23,179.57,1679.27,1.2731555700302124,476.25,4436.01
2023-08-24,174.87,1659.94,1.2720541954040527,472.25,4376.31
2023-08-25,177.08,1652.94,1.2592872381210327,470.75,4405.71
2023-08-28,178.64,1652.46,1.2589701414108276,478.5,4433.31
2023-08-29,182.54,1729.73,1.2611136436462402,469.5,4497.63
2023-08-30,186.04,1705.11,1.2636793851852417,461.75,4514.87
2023-08-31,186.26,1645.64,1.271179437637329,461.0,4507.66
2023-09-01,187.84,1628.49,1.2672826051712036,464.75,4515.77
2023-09-05,188.07,1633.63,1.2623074054718018,471.0,4496.83
2023-09-06,181.34,1632.25,1.2570552825927734,471.5,4465.48
2023-09-07,176.04,1647.6,1.2498750686645508,470.75,4451.14
2023-09-08,176.65,1636.14,1.2475050687789917,468.5,4457.49
2023-09-11,177.82,1551.64,1.2489992380142212,471.25,4487.46
2023-09-12,174.79,1592.43,1.2508755922317505,463.25,4461.9
2023-09-13,172.72,1607.99,1.2491724491119385,464.0,4467.44
2023-09-14,174.23,1626.97,1.248953938484192,462.5,4505.1
2023-09-15,173.51,1641.64,1.2401869297027588,476.25,4450.32
2023-09-18,176.44,1637.35,1.2397565841674805,471.5,4453.53
2023-09-19,177.53,1643.54,1.2383747100830078,476.25,4443.95
2023-09-20,173.98,1622.89,1.2393569946289062,482.25,4402.2
2023-09-21,172.44,1584.31,1.2328935861587524,475.25,4330.0
2023-09-22,173.29,1593.27,1.2294225692749023,477.25,4320.06
2023-09-25,174.57,1588.32,1.2241849899291992,481.25,4337.44
2023-09-26,170.49,1593.42,1.2213143110275269,479.75,4273.53
2023-09-27,168.97,1597.49,1.2146830558776855,483.25,4274.51
2023-09-28,169.23,1652.88,1.2135332822799683,488.5,4299.7
2023-09-29,169.74,1667.94,1.2204796075820923,476.75,4288.05
2023-10-02,172.26,1663.63,1.2193039655685425,488.75,4288.39
2023-10-03,170.92,1656.69,1.209116816520691,487.5,4229.45
2023-10-04,172.17,1647.84,1.2078461647033691,486.0,4263.75
2023-10-05,173.41,1611.48,1.2137395143508911,497.5,4258.19
2023-10-06,175.97,1645.83,1.2187690734863281,492.0,4308.5
2023-10-09,177.45,1579.81,1.222090482711792,488.25,4335.66
2023-10-10,176.86,1567.71,1.2250398397445679,485.5,4358.24
2023-10-11,178.26,1566.25,1.229135513305664,488.0,4376.95
2023-10-12,179.16,1539.61,1.2316333055496216,496.0,4349.61
2023-10-13,177.32,1552.09,1.2183235883712769,493.25,4327.78
2023-10-16,177.19,1600.53,1.215376853942871,490.0,4373.63
2023-10-17,175.63,1565.44,1.2211503982543945,489.0,4373.2
2023-10-18,174.33,1563.75,1.2178784608840942,492.0,4314.6
2023-10-19,173.96,1567.46,1.214343786239624,505.0,4278.0
2023-10-20,171.4,1604.67,1.2137248516082764,495.5,4224.16
2023-10-23,171.52,1765.38,1.2163970470428467,490.25,4217.04
2023-10-24,171.95,1784.44,1.2250248193740845,484.0,4247.68
2023-10-25,169.63,1787.4,1.216189980506897,480.0,4186.77
2023-10-26,165.46,1804.04,1.210345983505249,479.25,4137.23
2023-10-27,166.78,1780.05,1.213710069656372,480.75,4117.37
2023-10-30,168.83,1810.09,1.2113723754882812,478.25,4166.82
2023-10-31,169.31,1816.46,1.2165746688842773,478.75,4193.8
2023-11-01,172.48,1847.09,1.215214490890503,475.0,4237.86
2023-11-02,176.05,1800.62,1.2182197570800781,470.0,4317.78
2023-11-03,175.14,1832.8,1.2191851139068604,477.25,4358.34
2023-11-06,177.69,1899.84,1.237378716468811,477.25,4365.98
2023-11-07,180.26,1888.12,1.2345526218414307,468.5,4378.38
2023-11-08,181.32,1889.32,1.2291808128356934,476.0,4382.78
2023-11-09,180.85,2120.56,1.2285012006759644,468.0,4347.35
2023-11-10,185.04,2078.29,1.2217023372650146,464.0,4415.24
2023-11-13,183.46,2055.27,1.2228227853775024,477.25,4411.55
2023-11-14,186.08,1979.05,1.228063702583313,478.25,4495.7
2023-11-15,186.64,2060.41,1.2494533061981201,470.75,4502.88
2023-11-16,188.33,1960.88,1.2422360181808472,474.75,4508.24
2023-11-17,188.31,1961.28,1.2414957284927368,467.0,4514.02
2023-11-20,190.06,2022.24,1.2454540729522705,469.5,4547.38
2023-11-21,189.25,1937.07,1.2509069442749023,470.0,4538.19
2023-11-22,189.92,2064.43,1.2544218301773071,468.75,4556.62
2023-11-24,188.59,2081.15,1.2533526420593262,463.25,4559.34
2023-11-27,188.41,2027.42,1.2600330114364624,455.5,4550.43
2023-11-28,189.02,2049.34,1.2634397745132446,451.5,4554.89
2023-11-29,187.99,2029.93,1.2712295055389404,449.75,4550.58
2023-11-30,188.57,2052.56,1.2696397304534912,461.75,4567.8
2023-12-01,189.85,2087.14,1.2631685733795166,464.5,4594.63
2023-12-04,188.05,2243.22,1.2713103294372559,460.25,4569.78
2023-12-05,192.01,2293.84,1.2634079456329346,468.5,4567.18
2023-12-06,190.92,2231.66,1.2594457864761353,464.75,4549.34
2023-12-07,192.86,2357.58,1.2558711767196655,468.25,4585.59
2023-12-08,194.29,2358.73,1.258954405784607,465.75,4604.37
2023-12-11,191.78,2224.58,1.2554770708084106,460.5,4622.44
2023-12-12,193.29,2202.04,1.2554612159729004,462.5,4643.7
2023-12-13,196.52,2260.65,1.2570710182189941,456.75,4707.09
2023-12-14,196.67,2316.58,1.2622915506362915,456.75,4719.55
2023-12-15,196.13,2219.34,1.2771391868591309,483.0,4719.19
2023-12-18,194.47,2217.27,1.2672343254089355,477.0,4740.56
2023-12-19,195.51,2177.87,1.2651821374893188,472.75,4768.37
2023-12-20,193.41,2201.91,1.2732689380645752,469.75,4698.35
2023-12-21,193.26,2239.54,1.2641266584396362,472.5,4746.75
2023-12-22,192.19,2326.52,1.268499493598938,473.0,4754.63
2023-12-26,191.65,2231.47,1.27048659324646,480.25,4774.75
2023-12-27,191.75,2378.74,1.272718071937561,476.5,4781.58
2023-12-28,192.17,2347.57,1.2800819873809814,474.25,4783.35
2023-12-29,191.13,2300.69,1.2733986377716064,471.25,4769.83
2024-01-02,184.29,2355.84,1.2728800773620605,463.75,4742.83
2024-01-03,182.91,2210.76,1.2623074054718018,465.25,4704.81
2024-01-04,180.59,2269.04,1.2674272060394287,466.5,4688.68
2024-01-05,179.86,2268.65,1.2684078216552734,460.75,4697.24
2024-01-08,184.21,2333.03,1.271779179573059,455.0,4763.54
2024-01-09,183.79,2344.83,1.274518609046936,459.25,4756.5
2024-01-10,184.84,2582.1,1.2712942361831665,459.5,4783.45
2024-01-11,184.24,2619.62,1.274518609046936,457.75,4780.24
2024-01-12,184.57,2524.46,1.2777756452560425,447.0,4783.83
2024-01-16,182.3,2587.69,1.2716174125671387,443.5,4765.98
2024-01-17,181.35,2528.37,1.26385498046875,442.25,4739.21
2024-01-18,187.26,2467.02,1.2676842212677002,444.0,4780.94
2024-01-19,190.17,2489.5,1.2709871530532837,445.5,4839.81
2024-01-22,192.48,2310.83,1.2699863910675049,445.75,4850.43
2024-01-23,193.76,2240.69,1.2706964015960693,446.5,4864.6
2024-01-24,193.09,2233.56,1.269196629524231,452.25,4868.55
2024-01-25,192.76,2217.71,1.271876335144043,451.75,4894.16
2024-01-26,191.02,2267.2,1.270825743675232,446.25,4890.97
2024-01-29,190.34,2317.06,1.2697607278823853,440.25,4927.93
2024-01-30,186.67,2344.49,1.2713264226913452,447.75,4924.97
2024-01-31,183.06,2282.54,1.269551157951355,448.25,4845.65
2024-02-01,185.5,2303.82,1.2678449153900146,447.25,4906.19
2024-02-02,184.5,2308.04,1.27472984790802,442.75,4958.61
2024-02-05,186.32,2298.89,1.2621959447860718,442.75,4942.81
2024-02-06,187.92,2372.2,1.2534469366073608,438.75,4954.23
2024-02-07,188.03,2423.75,1.2606525421142578,434.25,4995.06
2024-02-08,186.95,2419.91,1.2627378702163696,433.25,4997.91
2024-02-09,187.72,2487.52,1.2620525360107422,429.0,5026.61
2024-02-12,186.03,2658.12,1.2637271881103516,430.5,5021.84
2024-02-13,183.93,2642.19,1.2627538442611694,430.75,4953.17
2024-02-14,183.04,2777.9,1.2590652704238892,424.25,5000.62
2024-02-15,182.76,2824.38,1.2568340301513672,417.75,5029.73
2024-02-16,181.22,2803.69,1.259921908378601,416.5,5005.57
2024-02-20,180.47,3013.5,1.2587641477584839,418.75,4975.51
2024-02-21,181.23,2970.36,1.2627378702163696,411.0,4981.8
2024-02-22,183.26,2971.01,1.2638070583343506,406.0,5087.03
2024-02-23,181.42,2921.66,1.266367793083191,399.75,5088.8
2024-02-26,180.07,3178.99,1.2672665119171143,407.0,5069.53
2024-02-27,181.53,3244.52,1.268455982208252,408.25,5078.18
2024-02-28,180.33,3385.7,1.268166422843933,413.25,5069.76
2024-02-29,179.66,3341.92,1.2663036584854126,415.75,5096.27
2024-03-01,178.58,3435.05,1.2625465393066406,412.25,5137.08
2024-03-04,174.05,3630.43,1.26603102684021,417.5,5130.95
2024-03-05,169.1,3554.96,1.269196629524231,413.5,5078.65
2024-03-06,168.1,3819.23,1.27048659324646,418.0,5104.76
2024-03-07,167.99,3874.35,1.2735446691513062,426.0,5157.36
2024-03-08,169.71,3892.06,1.2815583944320679,426.25,5123.69
2024-03-11,171.71,4066.45,1.2855123281478882,428.25,5117.94
2024-03-12,172.19,3980.27,1.2819806337356567,429.0,5175.27
2024-03-13,170.1,4006.46,1.2795906066894531,426.5,5165.31
2024-03-14,171.96,3883.14,1.2802129983901978,422.5,5150.48
2024-03-15,171.58,3735.22,1.2745835781097412,436.75,5117.09
2024-03-18,172.68,3517.99,1.2731393575668335,436.0,5149.42
2024-03-19,175.02,3157.62,1.272718071937561,439.5,5178.51
2024-03-20,177.6,3513.39,1.2719409465789795,439.0,5224.62
2024-03-21,170.34,3492.99,1.2798361778259277,440.75,5241.53
2024-03-22,171.25,3333.69,1.2661913633346558,439.25,5234.18
2024-03-25,169.82,3590.88,1.25979483127594,437.75,5218.19
2024-03-26,168.69,3587.5,1.2637910842895508,432.5,5203.58
2024-03-27,172.27,3500.12,1.2628495693206787,426.75,5248.49
2024-03-28,170.45,3561.29,1.261670470237732,442.0,5254.35
2024-04-01,169.01,3505.03,1.2637271881103516,435.5,5243.77
2024-04-02,167.83,3277.23,1.2545477151870728,426.5,5205.81
2024-04-03,168.63,3311.44,1.2576876878738403,431.75,5211.49
2024-04-04,167.81,3330.04,1.2651821374893188,435.25,5147.21
2024-04-05,168.56,3318.89,1.26401948928833,434.25,5204.34
2024-04-08,167.44,3695.29,1.2625305652618408,435.5,5202.39
2024-04-09,168.65,3505.16,1.2658709287643433,431.25,5209.91
2024-04-10,166.77,3543.74,1.2677645683288574,434.25,5160.64
2024-04-11,173.99,3505.25,1.2537612915039062,428.75,5199.06
2024-04-12,175.49,3243.03,1.2554770708084106,435.5,5123.41
2024-04-15,171.65,3101.6,1.2461835145950317,431.5,5061.82
2024-04-16,168.36,3084.92,1.2447409629821777,431.0,5051.41
2024-04-17,166.99,2984.73,1.2431007623672485,430.25,5022.21
2024-04-18,166.04,3066.03,1.2453765869140625,426.75,5011.12
2024-04-19,164.01,3059.28,1.2437657117843628,433.5,4967.23
2024-04-22,164.84,3201.65,1.2375777959823608,439.75,5010.6
2024-04-23,165.9,3219.91,1.2350252866744995,443.0,5070.55
2024-04-24,168.01,3139.81,1.2453300952911377,437.75,5071.63
2024-04-25,168.87,3156.51,1.2459505796432495,441.0,5048.42
2024-04-26,168.28,3130.16,1.2509069442749023,440.0,5099.96
2024-04-29,172.46,3215.43,1.2510477304458618,439.25,5116.17
2024-04-30,169.31,3012.29,1.2559815645217896,439.5,5035.69
2024-05-01,168.28,2969.78,1.2490164041519165,443.25,5018.39
2024-05-02,171.99,2988.17,1.2539342641830444,452.0,5064.2
2024-05-03,182.28,3103.54,1.2540600299835205,447.0,5127.79
2024-05-06,180.62,3062.73,1.2541072368621826,457.0,5180.74
2024-05-07,181.31,3006.58,1.2559815645217896,453.75,5187.7
2024-05-08,181.64,2973.66,1.25014066696167,445.5,5187.67
2024-05-09,183.46,3036.02,1.2493284940719604,442.75,5214.08
2024-05-10,182.2,2909.79,1.2525677680969238,455.75,5222.68
2024-05-13,185.41,2949.36,1.2522854804992676,458.5,5221.42
2024-05-14,186.56,2881.16,1.2561867237091064,453.75,5246.68
2024-05-15,188.84,3037.06,1.2585265636444092,462.5,5308.15
2024-05-16,188.96,2945.13,1.2690032720565796,457.0,5297.1
2024-05-17,188.99,3094.12,1.2672007083892822,452.5,5303.27
2024-05-20,190.15,3663.86,1.2706480026245117,460.5,5308.13
2024-05-21,191.45,3789.31,1.2710840702056885,458.0,5321.41
2024-05-22,190.01,3737.22,1.2711325883865356,461.25,5307.01
2024-05-23,186.01,3776.93,1.2721028327941895,464.0,5267.84
2024-05-24,189.1,3726.93,1.2694060802459717,464.75,5304.72
2024-05-28,189.11,3840.26,1.2772371768951416,462.5,5306.04
2024-05-29,189.4,3763.2,1.275835633277893,455.25,5266.95
2024-05-30,190.4,3746.85,1.2697993516921997,448.75,5235.48
2024-05-31,191.36,3760.03,1.27304208278656,446.25,5277.51
2024-06-03,193.13,3766.39,1.2743724584579468,443.5,5283.4
2024-06-04,193.45,3812.52,1.2810165882110596,442.5,5291.34
2024-06-05,194.96,3864.26,1.2773023843765259,439.25,5354.03
2024-06-06,193.57,3811.61,1.2794759273529053,452.0,5352.96
2024-06-07,195.97,3678.63,1.2793285846710205,448.75,5346.99
2024-06-10,192.22,3666.72,1.2729448080062866,451.75,5360.79
2024-06-11,206.19,3498.33,1.2726370096206665,449.5,5375.32
2024-06-12,212.08,3559.62,1.274047613143921,454.25,5421.03
2024-06-13,213.24,3469.28,1.27962327003479,458.5,5433.74
2024-06-14,211.5,3480.27,1.2755101919174194,450.0,5431.6
2024-06-17,215.66,3511.38,1.2683112621307373,443.75,5473.23
2024-06-18,213.29,3483.68,1.2715997695922852,450.0,5487.03
2024-06-20,208.7,3511.09,1.2721998691558838,439.75,5473.17
2024-06-21,206.52,3516.08,1.2660471200942993,435.0,5464.62
2024-06-24,207.17,3350.26,1.2639029026031494,433.5,5447.87
2024-06-25,208.1,3395.03,1.268343448638916,425.5,5469.3
2024-06-26,212.26,3369.48,1.268399715423584,420.0,5477.9
2024-06-27,213.1,3444.8,1.262179970741272,413.75,5482.87
2024-06-28,209.64,3373.64,1.2645741701126099,397.25,5460.48
2024-07-01,215.74,3440.34,1.2648621797561646,398.25,5475.09
2024-07-02,219.24,3416.35,1.2645741701126099,402.0,5509.01
2024-07-03,220.52,3292.92,1.2690355777740479,403.5,5537.02
2024-07-05,225.29,2981.6,1.2755752801895142,411.25,5567.19
2024-07-08,226.76,3018.73,1.2806508541107178,395.75,5572.85
2024-07-09,227.62,3064.03,1.2815583944320679,400.25,5576.98
2024-07-10,231.9,3102.22,1.2787723541259766,403.25,5633.91
2024-07-11,226.51,3100.33,1.285264492034912,406.75,5584.54
2024-07-12,229.47,3134.16,1.292373776435852,400.0,5615.35
2024-07-15,233.31,3489.55,1.2966804504394531,390.5,5631.22
2024-07-16,233.73,3443.51,1.2970000505447388,395.75,5667.2
2024-07-17,227.81,3388.75,1.29776930809021,398.0,5588.27
2024-07-18,223.14,3426.26,1.3007453680038452,391.25,5544.59
2024-07-19,223.27,3505.73,1.2951691150665283,390.5,5505.0
2024-07-22,222.92,3440.42,1.2933096885681152,400.25,5564.41
2024-07-23,223.96,3482.0,1.2932428121566772,402.5,5555.74
2024-07-24,217.52,3336.34,1.2901561260223389,403.75,5427.13
2024-07-25,216.48,3174.43,1.289989709854126,406.0,5399.22
2024-07-26,216.95,3275.95,1.2856775522232056,394.5,5459.1
2024-07-29,217.22,3320.54,1.2868356704711914,396.25,5463.54
2024-07-30,217.78,3278.67,1.286041259765625,388.75,5436.44
2024-07-31,221.05,3231.3,1.2836971282958984,382.75,5522.3
2024-08-01,217.34,3201.56,1.2853139638900757,382.0,5446.68
2024-08-02,218.84,2986.01,1.27289617061615,386.5,5346.56
2024-08-05,208.3,2417.21,1.278788685798645,390.75,5186.33
2024-08-06,206.27,2458.72,1.2788705825805664,388.75,5240.03
2024-08-07,208.84,2336.59,1.2684721946716309,383.25,5199.5
2024-08-08,212.32,2683.35,1.2680377960205078,379.25,5319.31
2024-08-09,215.23,2599.6,1.2747459411621094,376.75,5344.16
2024-08-12,216.77,2724.43,1.2750385999679565,383.25,5344.39
2024-08-13,220.49,2703.67,1.2771228551864624,377.75,5434.43
2024-08-14,220.94,2662.91,1.2866700887680054,381.0,5455.21
2024-08-15,223.93,2570.09,1.2828736305236816,375.0,5543.22
2024-08-16,225.26,2593.19,1.2859420776367188,370.5,5554.25
2024-08-19,225.1,2637.31,1.294716238975525,378.0,5608.25
2024-08-20,225.72,2573.11,1.2990386486053467,375.0,5597.12
2024-08-21,225.61,2631.4,1.3035430908203125,375.5,5620.85
2024-08-22,223.74,2622.95,1.309346079826355,371.5,5570.64
2024-08-23,226.05,2764.45,1.3097747564315796,367.75,5634.61
2024-08-26,226.38,2681.34,1.3212658166885376,362.0,5616.84
2024-08-27,227.23,2458.73,1.3191741704940796,367.25,5625.8
2024-08-28,225.7,2528.42,1.3257501125335693,365.25,5592.18
2024-08-29,228.99,2528.79,1.3193656206130981,371.75,5591.96
2024-08-30,228.2,2525.82,1.3166210651397705,378.0,5648.4
2024-09-03,221.99,2420.6,1.314198613166809,386.5,5528.93
2024-09-04,220.08,2448.98,1.3114066123962402,390.5,5520.07
2024-09-05,221.6,2367.74,1.3144749402999878,390.0,5503.41
2024-09-06,220.05,2223.88,1.317748785018921,383.75,5408.42
2024-09-09,220.14,2358.48,1.3133355379104614,384.25,5471.05
2024-09-10,219.34,2389.58,1.307138204574585,379.5,5495.52
2024-09-11,221.88,2339.84,1.3080273866653442,380.5,5554.13
2024-09-12,221.99,2361.78,1.3039510250091553,386.25,5595.76
2024-09-13,221.72,2441.61,1.313232183456421,390.75,5626.02
2024-09-16,215.56,2295.28,1.3137997388839722,410.75,5633.09
2024-09-17,216.03,2341.71,1.3210737705230713,412.5,5634.58
2024-09-18,219.92,2369.73,1.3167423009872437,412.75,5618.26
2024-09-19,228.07,2464.75,1.3201146125793457,405.75,5713.64
2024-09-20,227.4,2561.07,1.328179955482483,401.75,5702.55
2024-09-23,225.68,2648.55,1.331398367881775,413.5,5718.57
2024-09-24,226.57,2654.35,1.3349887132644653,411.75,5732.93
2024-09-25,225.58,2579.39,1.3427324295043945,415.25,5722.26
2024-09-26,226.72,2632.2,1.3315792083740234,413.25,5745.37
2024-09-27,226.99,2695.9,1.341381549835205,418.0,5738.17
2024-09-30,232.18,2603.06,1.338329792022705,424.75,5762.48
2024-10-01,225.42,2448.92,1.3376137018203735,429.0,5708.75
2024-10-02,225.99,2365.23,1.327404260635376,432.5,5709.54
2024-10-03,224.88,2349.79,1.326611876487732,428.25,5699.94
2024-10-04,226.01,2414.79,1.3130252361297607,424.75,5751.07
2024-10-07,220.91,2421.8,1.3125253915786743,426.0,5695.94
2024-10-08,224.98,2439.84,1.3084723949432373,420.75,5751.13
2024-10-09,228.74,2368.28,1.309483289718628,421.0,5792.04
2024-10-10,228.24,2383.86,1.306830883026123,418.5,5780.05
2024-10-11,226.75,2436.51,1.3062163591384888,415.75,5815.03
2024-10-14,230.49,2628.9,1.3049037456512451,408.25,5859.85
2024-10-15,233.03,2606.02,1.3067454099655151,401.25,5815.26
2024-10-16,230.97,2611.1,1.3065917491912842,404.75,5842.47
2024-10-17,231.34,2604.27,1.29902184009552,406.75,5841.47
2024-10-18,234.18,2641.55,1.301574945449829,404.75,5864.67
2024-10-21,235.65,2665.71,1.3052616119384766,409.5,5853.98
2024-10-22,235.03,2620.2,1.298296570777893,416.5,5851.2
2024-10-23,229.95,2509.1,1.2982797622680664,419.0,5797.42
2024-10-24,229.76,2534.5,1.291372299194336,421.5,5809.86
2024-10-25,230.6,2435.93,1.2973365783691406,415.25,5808.12
2024-10-28,232.58,2565.35,1.295823574066162,410.75,5823.52
2024-10-29,232.85,2637.96,1.2974711656570435,413.75,5832.92
2024-10-30,229.29,2657.37,1.3014055490493774,411.5,5813.67
2024-10-31,225.12,2515.8,1.2959579229354858,410.75,5705.45
2024-11-01,222.13,2511.89,1.2897733449935913,414.5,5728.8
2024-11-04,221.23,2397.03,1.2953401803970337,416.5,5712.69
2024-11-05,222.67,2422.65,1.2954542636871338,418.5,5782.76
2024-11-06,221.94,2724.17,1.3043591976165771,426.25,5929.04
2024-11-07,226.68,2895.59,1.2883278131484985,427.5,5973.1
2024-11-08,226.41,2962.3,1.2982292175292969,431.0,5995.54
2024-11-11,223.69,3374.81,1.2917059659957886,430.0,6001.35
2024-11-12,223.69,3246.26,1.2874983549118042,428.5,5983.99
2024-11-13,224.58,3192.6,1.2739177942276,426.5,5985.38
2024-11-14,227.67,3058.95,1.27068030834198,419.0,5949.17
2024-11-15,224.46,3103.04,1.266784906387329,424.0,5870.62
2024-11-18,227.47,3207.86,1.261765956878662,429.25,5893.62
2024-11-19,227.73,3111.38,1.2679253816604614,427.25,5916.98
2024-11-20,228.45,3072.19,1.2694543600082397,430.25,5917.11
2024-11-21,227.97,3361.05,1.2655344009399414,426.75,5948.71
2024-11-22,229.32,3331.6,1.2584789991378784,425.5,5969.34
2024-11-25,232.31,3413.54,1.2593823671340942,424.75,5987.37
2024-11-26,234.49,3326.52,1.2533055543899536,420.0,6021.63
2024-11-27,234.36,3657.25,1.2573871612548828,415.75,5998.74
2024-11-29,236.76,3593.49,1.2696800231933594,423.0,6032.38
2024-12-02,239.01,3644.2,1.270163893699646,424.5,6047.15
2024-12-03,242.07,3620.71,1.265854835510254,423.25,6049.88
2024-12-04,242.43,3841.33,1.2674272060394287,422.0,6086.49
2024-12-05,242.46,3811.01,1.2701154947280884,426.5,6075.11
2024-12-06,242.26,4005.81,1.2759333848953247,430.75,6090.27
2024-12-09,246.16,3718.69,1.2749296426773071,434.0,6052.85
2024-12-10,247.17,3631.83,1.2749085426330566,440.5,6034.91
2024-12-11,245.9,3832.82,1.2780042886734009,438.0,6084.19
2024-12-12,247.36,3883.1,1.2766337394714355,431.75,6051.25
2024-12-13,247.53,3911.21,1.2677323818206787,430.0,6051.09
2024-12-16,250.44,3987.48,1.2627378702163696,445.0,6074.08
2024-12-17,252.87,3886.77,1.2690355777740479,443.5,6050.61
2024-12-18,247.45,3618.79,1.2710840702056885,437.25,5872.16
2024-12-19,249.19,3417.93,1.2567708492279053,440.75,5867.08
2024-12-20,253.88,3472.55,1.2497968673706055,446.25,5930.85
2024-12-23,254.66,3415.79,1.256991982460022,447.75,5974.07
2024-12-24,257.58,3492.05,1.2534469366073608,448.5,6040.04
2024-12-26,258.4,3331.23,1.254374623298645,453.75,6037.59
2024-12-27,254.97,3328.92,1.2529758214950562,454.0,5970.84
2024-12-30,251.59,3356.39,1.257880687713623,452.25,5906.94
2024-12-31,249.82,3332.53,1.254909873008728,458.5,5881.63
2025-01-02,243.26,3451.39,1.2519248723983765,459.5,5868.55
2025-01-03,242.77,3605.01,1.2380222082138062,450.75,5942.47
2025-01-06,244.41,3688.61,1.2426837682724,457.75,5975.38
2025-01-07,241.63,3381.58,1.2510946989059448,458.0,5909.03
2025-01-08,242.12,3326.33,1.247785210609436,454.0,5918.25
2025-01-10,236.28,3267.49,1.2299367189407349,470.5,5827.04
2025-01-13,233.84,3135.5,1.2204945087432861,476.5,5836.22
2025-01-14,232.72,3223.68,1.2233314514160156,474.5,5842.91
2025-01-15,237.3,3450.54,1.221344232559204,478.75,5949.91
2025-01-16,227.71,3308.35,1.2243348360061646,474.5,5937.34
2025-01-17,229.43,3474.11,1.2236906290054321,484.25,5996.66
2025-01-21,222.1,3327.41,1.233136773109436,490.0,6049.24
2025-01-22,223.29,3240.22,1.2335399389266968,484.25,6086.37
2025-01-23,223.12,3334.71,1.231420874595642,489.75,6118.71
2025-01-24,222.24,3309.55,1.2353914976119995,486.5,6101.24
2025-01-27,229.31,3178.92,1.2459352016448975,482.0,6012.28
2025-01-28,237.69,3077.11,1.2460592985153198,485.25,6067.7
2025-01-29,238.78,3113.0,1.2441680431365967,497.0,6039.31
2025-01-30,237.02,3247.78,1.245530128479004,490.25,6071.17
2025-01-31,235.43,3298.27,1.2423903942108154,482.0,6040.53
2025-02-03,227.46,2884.57,1.2291958332061768,488.75,5994.57
2025-02-04,232.24,2735.05,1.2431780099868774,494.5,6037.88
2025-02-05,231.91,2787.78,1.2478163242340088,493.25,6061.48
2025-02-06,232.66,2688.4,1.2504063844680786,495.25,6083.57
2025-02-07,227.08,2622.21,1.2437502145767212,487.5,6025.99
2025-02-10,227.35,2661.17,1.2391574382781982,491.5,6066.44
2025-02-11,232.32,2602.78,1.2360633611679077,484.0,6068.5
2025-02-12,236.56,2736.9,1.245159387588501,490.25,6051.97
2025-02-13,241.21,2675.9,1.2450664043426514,493.5,6115.07
2025-02-14,244.28,2726.09,1.2563445568084717,496.25,6114.63
2025-02-18,244.15,2669.34,1.262148141860962,502.0,6129.58
2025-02-19,244.55,2715.77,1.2625784873962402,497.5,6144.15
2025-02-20,245.51,2740.39,1.2584155797958374,498.0,6117.52
2025-02-21,245.23,2659.66,1.2670401334762573,491.25,6013.13
2025-02-24,246.78,2513.82,1.2649900913238525,482.5,5983.25
2025-02-25,246.72,2493.59,1.261781930923462,479.75,5955.25
2025-02-26,240.05,2331.45,1.2674431800842285,478.25,5956.06
2025-02-27,236.99,2305.48,1.2682307958602905,464.75,5861.57
2025-02-28,241.52,2237.91,1.259890079498291,453.5,5954.5
2025-03-03,237.72,2145.57,1.260398268699646,440.25,5849.72
2025-03-04,235.62,2170.02,1.270147681236267,436.0,5778.15
2025-03-05,235.43,2241.98,1.2794268131256104,440.25,5842.63
2025-03-06,235.02,2202.48,1.2891913652420044,449.5,5738.52
2025-03-07,238.76,2138.99,1.2885303497314453,455.25,5770.2
2025-03-10,227.18,1861.15,1.2932428121566772,458.75,5614.56
2025-03-11,220.55,1919.84,1.2875481843948364,456.5,5572.07
2025-03-12,216.7,1908.98,1.294481635093689,448.75,5599.3
2025-03-13,209.41,1862.97,1.2964283227920532,453.5,5521.52
2025-03-14,213.21,1909.47,1.2958402633666992,445.5,5638.94
2025-03-17,213.72,1927.0,1.2930588722229004,461.0,5675.12
2025-03-18,212.41,1932.54,1.2985326051712036,458.75,5614.66
2025-03-19,214.96,2057.75,1.3000519275665283,462.0,5675.29
2025-03-20,213.82,1982.1,1.3010668754577637,469.0,5662.89
2025-03-21,217.98,1964.85,1.2967981100082397,464.25,5667.56
2025-03-24,220.44,2077.48,1.2924572229385376,464.5,5767.57
2025-03-25,223.46,2067.76,1.2924238443374634,457.75,5776.65
2025-03-26,221.24,2009.19,1.2943308353424072,451.25,5712.2
2025-03-27,223.56,2002.36,1.2877637147903442,450.0,5693.31
2025-03-28,217.61,1895.5,1.295202612876892,453.25,5580.94
2025-03-31,221.84,1823.48,1.2938284873962402,457.25,5611.85
2025-04-01,222.9,1905.49,1.292089819908142,461.75,5633.07
2025-04-02,223.6,1795.31,1.292306900024414,457.75,5670.97
2025-04-03,202.92,1815.64,1.3046314716339111,457.5,5396.52
2025-04-04,188.13,1815.34,1.308866262435913,460.25,5074.08
2025-04-07,181.22,1555.24,1.2910722494125366,464.5,5062.25
2025-04-08,172.19,1472.55,1.2734960317611694,469.0,4982.77
2025-04-09,198.59,1668.04,1.2790995836257935,474.0,5456.9
2025-04-10,190.17,1522.52,1.2825446128845215,483.0,5268.05
2025-04-11,197.89,1567.15,1.2992074489593506,490.25,5363.36
2025-04-14,202.25,1622.77,1.3085237741470337,485.0,5405.97
2025-04-15,201.88,1588.63,1.3174536228179932,481.25,5396.63
2025-04-16,194.02,1578.11,1.323101282119751,484.25,5275.7
2025-04-17,196.72,1582.55,1.3233989477157593,482.25,5282.7
2025-04-22,199.48,1757.33,1.3379716873168945,475.75,5287.76
2025-04-23,204.33,1796.1,1.327316164970398,472.0,5375.86
2025-04-24,208.1,1769.83,1.326453447341919,477.25,5484.77
2025-04-25,209.01,1786.63,1.3326226472854614,478.75,5525.21
2025-04-28,209.86,1798.85,1.3290096521377563,475.5,5528.75
2025-04-29,210.93,1799.18,1.3436164855957031,460.5,5560.83
2025-04-30,212.22,1793.78,1.3410794734954834,467.25,5569.06
